{"Epoch": 995, "Loss": 0.09580228477716446, "Error": 0.09593166410923004, "Refinements": 9, "_timestamp": 1682368469.5122874, "_runtime": 780.2569954395294, "_step": 1004}