{"Epoch": 1500, "Error": 3.737213611602783, "Loss": 2.7402701377868652, "_timestamp": 1682031438.627874, "_runtime": 643.2400867938995, "_step": 15, "_wandb": {"runtime": 649}}