{"Epoch": 4900, "Error": 0.001081126625649631, "Loss": 0.00023187304032035172, "_timestamp": 1682090348.189571, "_runtime": 1545.7849578857422, "_step": 49, "_wandb": {"runtime": 1576}}