{"Epoch": 200, "Error": 2.243364960463623e-08, "Loss": 6.061442903160241e-09, "_timestamp": 1682031900.5068488, "_runtime": 75.51451277732849, "_step": 2, "_wandb": {"runtime": 101}}