{"Epoch": 999, "Error": 1.482135534286499, "Loss": 1.1468747854232788, "_timestamp": 1682019805.5069582, "_runtime": 31.505134344100952, "_step": 999, "_wandb": {"runtime": 30}}