{"Epoch": 99, "Loss": [0.26798248291015625, 2.169450283050537], "Error": [2.575429677963257, 0.13799703121185303], "Refinements": 0, "_timestamp": 1682371553.3263252, "_runtime": 30.312329292297363, "_step": 99, "_wandb": {"runtime": 30}}