{"Epoch": 0, "Error": 0.00012106101348763332, "Loss": 0.00010176817886531353, "_timestamp": 1682096010.2285998, "_runtime": 14.725945711135864, "_step": 0, "_wandb": {"runtime": 14}}