{"Epoch": 1099, "Loss": 0.08644026517868042, "Error": 0.0865858644247055, "Refinements": 10, "_timestamp": 1682367621.9015217, "_runtime": 1486.597101688385, "_step": 1409, "Refinement Plot": {"_type": "plotly-file", "sha256": "171ae9bd74a896e9605b61ebec4203d8848e62c86e633aa60353451694f7d51d", "size": 11642, "path": "media/plotly/Refinement Plot_1309_171ae9bd74a896e9605b.plotly.json"}, "_wandb": {"runtime": 1529}}