{"Epoch": 390, "Error": 1.4034955501556396, "Loss": 1.1942572593688965, "_timestamp": 1682028965.613181, "_runtime": 371.37336802482605, "_step": 39, "_wandb": {"runtime": 377}}