{"Epoch": 64, "Loss": [1.6873763799667358, 0.750056266784668], "Error": [2.508924961090088, 0.07149219512939453], "Refinements": 0, "_timestamp": 1682371502.623373, "_runtime": 1459.6700839996338, "_step": 64, "_wandb": {"runtime": 1453}}