{"Epoch": 4900, "Error": 0.0069989850744605064, "Loss": 0.0018458189442753792, "_timestamp": 1682033673.332096, "_runtime": 1414.631096124649, "_step": 49, "_wandb": {"runtime": 1442}}