{"Epoch": 404, "Error": 0.9594663381576538, "Loss": 1.0136778354644775, "_timestamp": 1682019611.3432143, "_runtime": 16.674180269241333, "_step": 404}