{"Epoch": 99, "Loss": 0.2151726484298706, "Error": 0.2033969610929489, "Refinements": 0, "_timestamp": 1682365131.1942737, "_runtime": 31.149548768997192, "_step": 99, "_wandb": {"runtime": 31}}