{"Epoch": 99, "Loss": 0.2364060878753662, "Error": 0.19958901405334473, "Refinements": 0, "_timestamp": 1682366107.6235266, "_runtime": 306.6700496673584, "_step": 208, "_wandb": {"runtime": 319}}