{"Epoch": 285, "Loss": 0.1363968849182129, "Error": 0.03882068395614624, "Refinements": 2, "_timestamp": 1682372288.080737, "_runtime": 259.8792760372162, "_step": 387, "Refinement Plot": {"_type": "plotly-file", "sha256": "d1f846a3bc281e8a50fcec3e0a2addf54d1f41b7baff5a8b509005c7bb8af04b", "size": 10250, "path": "media/plotly/Refinement Plot_301_d1f846a3bc281e8a50fc.plotly.json"}, "_wandb": {"runtime": 262}}