{"Epoch": 4900, "Error": 3.2019269466400146, "Loss": 2.1470248699188232, "_timestamp": 1682029816.550274, "_runtime": 212.4079828262329, "_step": 49, "_wandb": {"runtime": 215}}