{"Epoch": 999, "Error": 1.482135534286499, "Loss": 1.1468747854232788, "_timestamp": 1682019873.1139274, "_runtime": 33.56487226486206, "_step": 999, "_wandb": {"runtime": 33}}