{"Epoch": 200, "Error": 1.6330487728118896, "Loss": 1.210666298866272, "_timestamp": 1682029218.0645516, "_runtime": 222.64763069152832, "_step": 20, "_wandb": {"runtime": 225}}