{"Epoch": 300, "Error": 1.1520845077939157e-07, "Loss": 2.41215786900284e-07, "_timestamp": 1682032164.8403726, "_runtime": 104.1313705444336, "_step": 3, "_wandb": {"runtime": 120}}