{"Epoch": 3900, "Error": 0.00048497258103452623, "Loss": 0.006192900240421295, "_timestamp": 1682095049.3941295, "_runtime": 1489.2488055229187, "_step": 39, "_wandb": {"runtime": 1491}}