{"Epoch": 1004, "Loss": 0.0043087005615234375, "Error": 0.0006514787673950195, "Refinements": 10, "_timestamp": 1682370022.3131697, "_runtime": 1027.7870497703552, "_step": 1346, "Refinement Plot": {"_type": "plotly-file", "sha256": "8e11a6aabd19e1cde2bcacc6212e58d618b1fff5aecacdc9efc2da4303917e2a", "size": 12129, "path": "media/plotly/Refinement Plot_1341_8e11a6aabd19e1cde2bc.plotly.json"}, "_wandb": {"runtime": 1029}}