{"Epoch": 334, "Loss": 0.005457103252410889, "Error": 0.0018693208694458008, "Refinements": 3, "_timestamp": 1682369325.0352914, "_runtime": 330.5091714859009, "_step": 669}