{"Epoch": 0, "Error": {"_type": "histogram", "values": [106, 69, 48, 47, 44, 47, 46, 57, 45, 35, 37, 37, 42, 48, 47, 33, 23, 0, 1, 0, 0, 0, 0, 1, 0, 32, 40, 34, 29, 25, 25, 12], "bins": [0.0, 0.11434666812419891, 0.22869333624839783, 0.34303998947143555, 0.45738667249679565, 0.5717333555221558, 0.6860799789428711, 0.8004266619682312, 0.9147733449935913, 1.0291199684143066, 1.1434667110443115, 1.2578133344650269, 1.3721599578857422, 1.486506700515747, 1.6008533239364624, 1.7152000665664673, 1.8295466899871826, 1.943893313407898, 2.0582399368286133, 2.172586679458618, 2.286933422088623, 2.401279926300049, 2.5156266689300537, 2.6299734115600586, 2.7443199157714844, 2.8586666584014893, 2.973013401031494, 3.087360143661499, 3.201706647872925, 3.3160533905029297, 3.4304001331329346, 3.5447466373443604, 3.6590933799743652]}, "Loss": {"_type": "histogram", "values": [18, 15, 7, 6, 4, 4, 6, 6, 4, 4, 2, 2, 1, 4, 4, 5, 0, 0, 1, 0, 1, 1, 0, 1, 2, 0, 0, 0, 0, 1, 1, 1], "bins": [5.2176434110151604e-05, 0.14409242570400238, 0.2881326675415039, 0.4321729242801666, 0.5762131810188293, 0.7202534079551697, 0.8642936944961548, 1.0083339214324951, 1.1523741483688354, 1.2964143753051758, 1.4404547214508057, 1.584494948387146, 1.7285351753234863, 1.8725754022598267, 2.016615629196167, 2.160655975341797, 2.3046960830688477, 2.4487364292144775, 2.5927767753601074, 2.736816883087158, 2.880857229232788, 3.024897336959839, 3.1689376831054688, 3.3129780292510986, 3.4570181369781494, 3.6010584831237793, 3.74509859085083, 3.88913893699646, 4.03317928314209, 4.177219390869141, 4.321259498596191, 4.4653000831604, 4.609340190887451]}, "_timestamp": 1682025486.7067502, "_runtime": 93.47560715675354, "_step": 0, "_wandb": {"runtime": 92}}