{"Epoch": 96, "Loss": 0.21599844098091125, "Error": 0.20349884033203125, "Refinements": 0, "_timestamp": 1682363568.4141564, "_runtime": 1982.4326674938202, "_step": 406, "_wandb": {"runtime": 1984}}