{"Epoch": 227, "Loss": 0.014029741287231445, "Error": 0.0303804874420166, "Refinements": 2, "_timestamp": 1682371903.1350954, "_runtime": 257.16408944129944, "_step": 329, "Refinement Plot": {"_type": "plotly-file", "sha256": "fb1e6e4fdbcb0c43d82043193e4fde96458fc9e6037b289205f7514c737214ba", "size": 10513, "path": "media/plotly/Refinement Plot_301_fb1e6e4fdbcb0c43d820.plotly.json"}, "_wandb": {"runtime": 266}}