{"Epoch": 0, "Error": 2.821802854537964, "Loss": 2.8514840602874756, "_timestamp": 1682030754.4696124, "_runtime": 169.7024793624878, "_step": 0, "_wandb": {"runtime": 171}}