{"Epoch": 99, "Loss": 0.2364060878753662, "Error": 0.19958901405334473, "Refinements": 0, "_timestamp": 1682365757.717977, "_runtime": 508.6241271495819, "_step": 199, "_wandb": {"runtime": 531}}