{"Epoch": 191, "Loss": 0.027874350547790527, "Error": 0.07139307260513306, "Refinements": 1, "_timestamp": 1682372554.016052, "_runtime": 77.662348985672, "_step": 192, "Refinement Plot": {"_type": "plotly-file", "sha256": "34c5a3616c974957358565b6a1fc03c4de1fce416d5fa579944cb2baf9e1f009", "size": 10371, "path": "media/plotly/Refinement Plot_100_34c5a3616c9749573585.plotly.json"}, "_wandb": {"runtime": 77}}