{"Epoch": 0, "Error": 0.00012106101348763332, "Loss": 0.00010176817886531353, "_timestamp": 1682096196.0151641, "_runtime": 14.830846071243286, "_step": 0, "_wandb": {"runtime": 15}}