{"Epoch": 0, "Error": 6.701715756207705e-05, "Loss": 5.4242958867689595e-05, "_timestamp": 1682032216.8850281, "_runtime": 15.804388046264648, "_step": 0, "_wandb": {"runtime": 28}}