{"Epoch": 2200, "Error": 0.9442076086997986, "Loss": 0.927017867565155, "_timestamp": 1682029497.9297795, "_runtime": 253.95397353172302, "_step": 220, "_wandb": {"runtime": 254}}