{"Epoch": 9999, "Error": 1.0949889421463013, "Loss": 1.0864707231521606, "_timestamp": 1682021184.9175146, "_runtime": 222.88799166679382, "_step": 9999, "_wandb": {"runtime": 222}}